Port_mission,start_time,end_time,duration_minutes,total_energy,total_fuel,fuel_per_energy,mean_temp
1,2025-07-13 04:12:00,2025-07-13 06:44:00,153,532.2349929999999,7304847407.536001,13724853.689836215,29.206771189542486
2,2025-07-13 20:35:00,2025-07-13 21:46:00,72,484.38667,3438877478.308,7099446.973443758,28.318360694444443
3,2025-07-13 21:48:00,2025-07-13 21:51:00,4,0.491667,191078055.91799998,388633070.59046054,28.77625725
4,2025-07-14 03:29:00,2025-07-14 04:44:00,76,312.341672,3630807485.385999,11624473.488078142,29.076058052631574
5,2025-07-14 04:47:00,2025-07-14 04:48:00,2,0.278334,95560409.918,343329991.7293611,29.200012
6,2025-07-14 12:31:00,2025-07-14 14:08:00,98,442.379997,4683508319.478001,10587070.733846948,29.27633143877551
7,2025-07-14 18:36:00,2025-07-14 20:21:00,106,904.5883319999999,5067531165.596,5602030.212341939,30.045035603773588
8,2025-07-14 20:23:00,2025-07-14 20:24:00,2,0.22,95651029.984,434777409.0181818,30.938329500000002
9,2025-07-15 09:25:00,2025-07-15 09:30:00,6,20.183332,286954793.814,14217414.340407224,30.188617000000004
10,2025-07-15 09:58:00,2025-07-15 11:02:00,65,156.938333,3109343726.208,19812519.13901749,28.4273664
11,2025-07-15 11:47:00,2025-07-15 12:15:00,29,161.60166699999996,1387392771.6000001,8585262.74732055,29.641499620689654
12,2025-07-15 12:17:00,2025-07-15 12:18:00,2,0.248334,95687166.15799999,385316413.20962894,29.441671
13,2025-07-16 02:44:00,2025-07-16 03:43:00,60,154.463334,2870759214.19,18585376.476400543,28.18106016666666
14,2025-07-16 05:11:00,2025-07-16 06:02:00,52,386.07166700000005,2488878540.5259995,6446674.93956763,28.86516586538462
15,2025-07-16 08:12:00,2025-07-16 09:35:00,84,449.4333289999999,4021649347.456,8948266.823923066,29.816354702380956
16,2025-07-16 09:37:00,2025-07-16 09:37:00,1,0.105,47884365.546,456041576.6285714,30.966671
17,2025-07-16 09:40:00,2025-07-16 09:40:00,1,0.138333,47884404.73,346153157.4533914,29.996666
18,2025-07-16 12:16:00,2025-07-16 12:43:00,28,149.71833399999997,1340833527.394,8955706.970356751,30.964590142857144
19,2025-07-16 12:45:00,2025-07-16 12:46:00,2,0.22999999999999998,95778339.11199999,416427561.3565217,29.8550085
20,2025-07-16 12:48:00,2025-07-16 12:48:00,1,0.111667,47889201.444,428857240.2231635,30.253349
21,2025-07-16 15:09:00,2025-07-16 16:02:00,54,140.286668,2586143700.576,18434707.570187643,30.90074618518518
22,2025-07-16 16:04:00,2025-07-16 16:05:00,2,0.265,95787548.62,361462447.6226415,30.031669
23,2025-07-17 13:48:00,2025-07-17 17:38:00,231,1246.7866649999999,11067648566.638,8876938.515089108,29.104804809523813
24,2025-07-17 18:14:00,2025-07-17 20:35:00,142,1604.209998,6812581306.941999,4246689.221134002,31.980582077464796
25,2025-07-17 20:37:00,2025-07-17 20:37:00,1,0.111667,48002473.712,429871615.71457994,34.42
26,2025-07-17 20:40:00,2025-07-17 20:40:00,1,0.101667,48002512.87,472154316.24814343,33.951664
27,2025-07-18 08:11:00,2025-07-18 08:13:00,3,5.255,144007862.272,27403969.985156998,31.27333733333333
28,2025-07-18 11:30:00,2025-07-18 13:44:00,135,529.318323,6482979088.944,12247788.91499662,29.6255737037037
29,2025-07-18 13:46:00,2025-07-18 13:47:00,2,0.258334,96057170.318,371833248.1129081,29.9091675
30,2025-07-18 15:47:00,2025-07-18 16:01:00,15,39.976667000000006,720439333.388,18021495.72369302,31.784784066666667
31,2025-07-18 17:15:00,2025-07-18 17:48:00,34,86.006668,1633597010.6400003,18993841.39192557,30.279122117647063
32,2025-07-18 17:51:00,2025-07-18 17:51:00,1,0.131667,48048439.796,364923935.35206234,29.941663
33,2025-07-18 19:16:00,2025-07-18 19:29:00,14,104.55833099999998,672697329.83,6433703.784254171,31.794410714285714
34,2025-07-18 19:35:00,2025-07-18 20:01:00,27,108.68999899999999,1297501576.388,11937635.369635068,29.67655011111111
35,2025-07-18 21:00:00,2025-07-18 21:00:00,1,1.213333,48063459.694,39612752.38866824,30.356672
36,2025-07-18 21:04:00,2025-07-18 21:07:00,4,5.648332999999999,192255597.532,34037581.97896619,30.66376
37,2025-07-18 21:28:00,2025-07-18 21:50:00,23,126.26166700000002,1105635925.524,8756703.057975622,30.415078086956527
38,2025-07-18 22:38:00,2025-07-18 22:39:00,2,0.57,96146012.054,168677214.12982458,36.783339
39,2025-07-18 22:41:00,2025-07-18 22:55:00,15,206.62333399999997,721174119.258,3490284.012443629,30.45367153333334
40,2025-07-18 23:25:00,2025-07-19 01:26:00,122,676.801662,5867360728.424001,8669246.926914316,30.809104196721307
41,2025-07-19 10:36:00,2025-07-19 11:29:00,54,129.618335,2597849434.0499997,20042299.062474452,27.912598296296295
42,2025-07-19 11:33:00,2025-07-19 12:03:00,31,167.47500000000002,1491556334.8179998,8906143.214318553,28.289467870967744
43,2025-07-19 12:05:00,2025-07-19 12:06:00,2,0.251666,96234434.84200001,382389495.76820076,29.05417
44,2025-07-19 18:06:00,2025-07-19 19:53:00,108,574.9033379999998,5197554099.936,9040744.341505287,28.862105944444444
45,2025-07-20 05:30:00,2025-07-20 06:23:00,54,247.91500200000002,2599524293.896,10485546.549926009,27.84932557407407
46,2025-07-20 09:38:00,2025-07-20 09:38:00,1,0.131667,48143974.612,365649514.3961661,35.89667
47,2025-07-20 09:50:00,2025-07-20 10:01:00,12,50.271665000000006,577745381.708,11492465.620703032,27.867782666666667
48,2025-07-20 11:36:00,2025-07-20 11:47:00,12,89.788333,577979127.366,6437129.502849775,28.713889999999996
49,2025-07-20 11:49:00,2025-07-20 11:50:00,2,0.23166599999999998,96332124.722,415823317.71602225,29.1600095
50,2025-07-20 11:52:00,2025-07-20 11:52:00,1,0.11,48166094.88,437873589.8181818,28.941663
51,2025-07-20 19:34:00,2025-07-20 19:44:00,11,25.054999,529831660.972,21146744.446966454,30.957583636363644
52,2025-07-20 19:49:00,2025-07-20 19:52:00,4,6.891666999999999,192670062.114,27956960.502299372,27.9504175
53,2025-07-20 20:03:00,2025-07-20 20:05:00,3,1.571667,144505821.102,91944299.334401,27.825563333333335
54,2025-07-20 20:26:00,2025-07-20 20:26:00,1,1.301667,48171089.928,37007229.90442257,27.91
