STBD_mission,start_time,end_time,duration_minutes,total_energy,total_fuel,fuel_per_energy,mean_temp
1,2025-07-13 04:12:00,2025-07-13 06:45:00,154,548.763329,9431852162.602001,17187468.010643985,28.361317142857146
2,2025-07-13 20:35:00,2025-07-13 21:51:00,77,491.35666499999996,4717425274.228001,9600816.698452642,27.696802610389614
3,2025-07-14 03:29:00,2025-07-14 04:49:00,81,312.630002,4963475776.768001,15876517.752662782,28.5206254691358
4,2025-07-14 12:31:00,2025-07-14 14:08:00,98,448.974996,6006911457.06,13379167.015037961,28.376230989795918
5,2025-07-14 18:36:00,2025-07-14 20:25:00,110,928.44834,6744400149.685999,7264163.076306431,29.10291497272728
6,2025-07-15 09:25:00,2025-07-15 11:03:00,99,324.29333,6072461248.974,18725211.674794544,27.59843877777778
7,2025-07-15 11:47:00,2025-07-15 12:18:00,32,170.313334,1963049065.4840002,11526103.208595518,28.83073378125
8,2025-07-16 02:44:00,2025-07-16 06:03:00,200,773.9933440000001,12271569681.009998,15854877.53368845,27.955048244999997
9,2025-07-16 08:12:00,2025-07-16 09:40:00,89,526.663329,5463012981.088,10372875.194217293,29.117513247191013
10,2025-07-16 12:16:00,2025-07-16 12:48:00,33,147.84333400000003,2025994030.122,13703654.911637746,30.025562575757576
11,2025-07-16 15:09:00,2025-07-16 16:05:00,57,141.74000099999998,3499697768.6099997,24690967.57386082,29.930797596491228
12,2025-07-17 13:48:00,2025-07-17 20:40:00,413,3496.1733359999994,25378979653.338,7259073.625443955,29.93432808716707
13,2025-07-18 08:10:00,2025-07-18 09:33:00,84,388.264998,5168193174.946,13310994.299171928,27.879926630952383
14,2025-07-18 11:30:00,2025-07-18 13:49:00,140,607.4599969999999,8616288853.84,14184125.533191284,29.17513554285714
15,2025-07-18 15:47:00,2025-07-18 17:51:00,125,666.1066670000002,7695574445.0720005,11553066.23747094,29.731779712
16,2025-07-18 19:16:00,2025-07-18 21:52:00,157,888.146664,9669443506.355999,10887214.801671539,29.852001394904452
17,2025-07-18 22:37:00,2025-07-19 01:27:00,171,1061.914998,10537072539.358002,9922708.087938694,30.456028906432746
18,2025-07-19 10:36:00,2025-07-19 12:07:00,92,392.17833199999995,5671249811.068001,14460895.333370946,27.84324744565217
19,2025-07-19 18:06:00,2025-07-19 19:56:00,111,622.7616640000001,6844477907.454,10990525.433906605,28.591340558558556
20,2025-07-20 05:30:00,2025-07-20 06:24:00,55,238.36333299999998,3392208642.3040004,14231251.927929707,27.4994280909091
21,2025-07-20 09:38:00,2025-07-20 11:52:00,135,647.6383329999999,8328411828.45,12859664.729650896,28.19994435555556
22,2025-07-20 19:34:00,2025-07-20 20:30:00,57,162.22833399999996,3517224379.7980003,21680703.321517196,28.148017561403513
